"","Extraversion","Agreeableness","Conscientiousness","Neuroticism","Openness"
"2005",0.738944763339286,0.771987891869773,0.784078899439025,0.8025505842469,0.735004686887976
"2009",0.744127844080964,0.791675011629872,0.783545818464947,0.808388363937743,0.753997154069829
