"","sum","pFemale"
"1",851,0.520564042303173
"2",699,0.545064377682403
"3",661,0.544629349470499
"4",855,0.540350877192982
"5",927,0.542610571736785
"6",1038,0.541425818882466
"7",974,0.531827515400411
"8",798,0.543859649122807
"9",737,0.522388059701492
"10",627,0.523125996810207
"11",484,0.520661157024793
"12",403,0.570719602977667
"13",308,0.545454545454545
"14",149,0.630872483221476
